QB,RB,RB,WR,WR,WR,TE,FLEX,DEF
81398-6498,81398-54140,81398-70603,81398-72846,81398-32384,81398-55635,81398-47870,81398-112745,81398-12549
81398-69531,81398-52922,81398-54140,81398-86687,81398-90576,81398-112745,81398-83074,81398-111540,81398-12552
81398-6498,81398-54140,81398-55552,81398-60858,81398-32384,81398-55635,81398-47870,81398-112745,81398-12549
81398-69531,81398-52922,81398-55552,81398-86687,81398-90576,81398-112745,81398-83074,81398-28744,81398-12549
81398-6498,81398-54140,81398-70603,81398-60858,81398-32384,81398-55635,81398-83074,81398-112745,81398-12549
81398-69531,81398-54140,81398-70603,81398-72846,81398-86687,81398-56018,81398-83074,81398-28744,81398-12550
81398-6498,81398-54140,81398-111540,81398-79970,81398-60858,81398-55635,81398-86811,81398-112745,81398-12540
81398-69531,81398-54140,81398-111540,81398-72846,81398-86687,81398-52613,81398-83074,81398-70603,81398-12549
81398-6498,81398-54140,81398-70603,81398-79970,81398-32384,81398-56018,81398-86811,81398-112745,81398-12540
81398-69531,81398-52922,81398-111540,81398-86687,81398-56018,81398-90576,81398-83074,81398-70603,81398-12542
81398-69531,81398-52922,81398-55552,81398-86687,81398-90576,81398-112745,81398-83074,81398-70603,81398-12540
81398-62239,81398-52922,81398-111540,81398-79970,81398-66008,81398-94534,81398-47870,81398-86518,81398-12549
81398-69531,81398-103064,81398-55552,81398-86687,81398-32384,81398-90576,81398-83074,81398-28744,81398-12549
81398-89951,81398-64576,81398-55552,81398-85671,81398-60858,81398-32384,81398-41872,81398-29501,81398-12550
81398-69531,81398-52922,81398-55552,81398-72846,81398-86687,81398-90576,81398-47870,81398-111540,81398-12552
81398-89951,81398-52922,81398-55552,81398-79970,81398-60858,81398-29501,81398-41872,81398-70603,81398-12552
81398-14225,81398-52922,81398-64576,81398-85671,81398-73048,81398-87770,81398-64808,81398-55552,81398-12549
81398-6498,81398-39280,81398-55050,81398-32384,81398-56018,81398-64496,81398-86811,81398-111540,81398-12540
81398-62239,81398-103064,81398-28744,81398-25079,81398-32384,81398-66008,81398-47870,81398-94534,81398-12540
81398-14225,81398-111540,81398-28744,81398-79970,81398-85671,81398-87770,81398-64808,81398-27050,81398-12526
81398-26483,81398-39280,81398-55050,81398-73048,81398-87770,81398-27050,81398-47870,81398-28744,81398-12552
81398-22038,81398-39280,81398-40687,81398-85671,81398-56018,81398-39716,81398-47870,81398-69777,81398-12552
81398-26483,81398-55050,81398-28744,81398-56018,81398-73048,81398-87770,81398-47870,81398-27050,81398-12526
81398-62239,81398-39280,81398-28744,81398-72846,81398-56018,81398-66008,81398-90123,81398-94534,81398-12538
81398-6498,81398-39280,81398-86055,81398-56018,81398-55635,81398-64496,81398-86811,81398-64576,81398-12540
81398-14225,81398-39280,81398-64576,81398-79970,81398-87770,81398-27050,81398-29780,81398-71246,81398-12552
81398-14225,81398-39280,81398-55050,81398-85671,81398-87770,81398-27050,81398-86811,81398-71246,81398-12534
81398-62239,81398-55050,81398-40687,81398-85671,81398-29501,81398-66008,81398-90123,81398-94534,81398-12550
81398-62239,81398-86055,81398-64576,81398-25079,81398-87770,81398-66008,81398-55042,81398-94534,81398-12552
81398-62239,81398-55050,81398-103064,81398-79970,81398-66008,81398-94534,81398-86811,81398-86518,81398-12540
81398-14225,81398-55050,81398-103064,81398-79970,81398-55635,81398-87770,81398-64808,81398-27050,81398-12552
81398-6498,81398-55050,81398-64576,81398-25079,81398-55635,81398-64496,81398-86811,81398-103064,81398-12540
81398-62239,81398-39280,81398-86055,81398-66008,81398-94534,81398-86518,81398-29780,81398-64576,81398-12542
81398-62239,81398-86055,81398-40687,81398-25079,81398-27050,81398-66008,81398-86811,81398-94534,81398-12554
81398-22038,81398-80001,81398-64576,81398-85671,81398-60858,81398-69777,81398-72725,81398-40687,81398-12550
81398-14225,81398-80001,81398-86055,81398-85671,81398-60858,81398-27050,81398-64808,81398-71246,81398-12538
81398-89951,81398-71845,81398-45229,81398-25079,81398-60858,81398-73048,81398-41872,81398-29501,81398-12538
81398-54604,81398-86055,81398-103064,81398-25079,81398-72846,81398-63043,81398-39793,81398-85798,81398-12538
81398-30231,81398-86055,81398-40687,81398-25079,81398-39829,81398-31001,81398-55335,81398-103064,81398-12542
81398-22038,81398-80001,81398-86055,81398-72846,81398-39716,81398-69777,81398-72725,81398-103064,81398-12551
81398-69189,81398-57840,81398-40687,81398-39829,81398-31001,81398-55635,81398-57299,81398-52613,81398-12554
81398-14225,81398-45631,81398-71845,81398-25079,81398-73048,81398-29501,81398-64808,81398-71246,81398-12554
81398-69189,81398-71845,81398-90575,81398-39829,81398-73048,81398-31001,81398-57299,81398-63043,81398-12538
81398-54604,81398-80001,81398-90575,81398-72846,81398-63043,81398-85798,81398-39793,81398-45229,81398-12526
81398-22038,81398-80001,81398-130288,81398-73048,81398-29501,81398-39716,81398-72725,81398-69777,81398-12526
81398-22038,81398-53562,81398-71845,81398-39829,81398-29501,81398-39716,81398-72725,81398-69777,81398-12551
81398-30231,81398-45631,81398-40687,81398-39829,81398-31001,81398-29501,81398-55335,81398-90575,81398-12554
81398-14225,81398-80001,81398-45631,81398-73048,81398-39716,81398-71246,81398-64808,81398-71845,81398-12526
81398-54604,81398-80001,81398-45631,81398-63043,81398-85798,81398-52613,81398-39793,81398-40687,81398-12551
81398-22038,81398-53562,81398-45631,81398-39716,81398-85798,81398-69777,81398-72725,81398-57840,81398-12526
