MVP - 2X Points,STAR - 1.5X Points,PRO - 1.2X Points,UTIL,UTIL
81283-40199,81283-9663,81283-145334,81283-110344,81283-42156
81283-40199,81283-110344,81283-145334,81283-42156,81283-9663
81283-110344,81283-40199,81283-42156,81283-60233,81283-9663
81283-40199,81283-9663,81283-110344,81283-42156,81283-145334
81283-40199,81283-110344,81283-145334,81283-60233,81283-9663
81283-40199,81283-110344,81283-42156,81283-60233,81283-9663
81283-110344,81283-40199,81283-9663,81283-60233,81283-145334
81283-40199,81283-110344,81283-145334,81283-23169,81283-9663
81283-110344,81283-40199,81283-145334,81283-23169,81283-9663
81283-40199,81283-9663,81283-23169,81283-110344,81283-145334
81283-40199,81283-110344,81283-9663,81283-42156,81283-145334
81283-40199,81283-110344,81283-9663,81283-110353,81283-145334
81283-40199,81283-110344,81283-42156,81283-145334,81283-9663
81283-110344,81283-9663,81283-40199,81283-60233,81283-42156
81283-40199,81283-110344,81283-9663,81283-60233,81283-42156
81283-40199,81283-110344,81283-60233,81283-42156,81283-9663
81283-40199,81283-9663,81283-42156,81283-110344,81283-145334
81283-40199,81283-9663,81283-145334,81283-60233,81283-110344
81283-40199,81283-110344,81283-23169,81283-145334,81283-9663
81283-40199,81283-145334,81283-110344,81283-42156,81283-9663
81283-9663,81283-40199,81283-110344,81283-42156,81283-145334
81283-40199,81283-42156,81283-9663,81283-110344,81283-145334
81283-40199,81283-110344,81283-9663,81283-110353,81283-42156
81283-9663,81283-110344,81283-40199,81283-60233,81283-42156
81283-110344,81283-40199,81283-9663,81283-23169,81283-145334
81283-40199,81283-110344,81283-9663,81283-23169,81283-42156
81283-40199,81283-110344,81283-9663,81283-60233,81283-145334
81283-40199,81283-110344,81283-60233,81283-145334,81283-9663
81283-110344,81283-9663,81283-40199,81283-42156,81283-145334
81283-110344,81283-40199,81283-145334,81283-60233,81283-9663
81283-40199,81283-9663,81283-60233,81283-110344,81283-145334
81283-40199,81283-110344,81283-9663,81283-23169,81283-145334
81283-40199,81283-145334,81283-110344,81283-60233,81283-9663
81283-9663,81283-110344,81283-145334,81283-40199,81283-42156
81283-9663,81283-110344,81283-40199,81283-42156,81283-145334
81283-40199,81283-42156,81283-110344,81283-145334,81283-9663
81283-110344,81283-40199,81283-9663,81283-23169,81283-60233
81283-40199,81283-110344,81283-9663,81283-42156,81283-58081
81283-40199,81283-110344,81283-9663,81283-145334,81283-9621
81283-40199,81283-9663,81283-110344,81283-60233,81283-145334
81283-40199,81283-110344,81283-145334,81283-110353,81283-9663
81283-110344,81283-40199,81283-145334,81283-42156,81283-9663
81283-110344,81283-40199,81283-9663,81283-42156,81283-145334
81283-40199,81283-110344,81283-9663,81283-23169,81283-60233
81283-9663,81283-40199,81283-145334,81283-110344,81283-42156
81283-9663,81283-40199,81283-110344,81283-23169,81283-60233
81283-110344,81283-9663,81283-40199,81283-23169,81283-42156
81283-40199,81283-9663,81283-60233,81283-110344,81283-42156
81283-9663,81283-40199,81283-42156,81283-110344,81283-145334
81283-40199,81283-60233,81283-9663,81283-110344,81283-42156
